number,unit_name,entity_name,success,reason,rental_income,tax_paid,rented_to_mp,approx_tax_rate,mp_name,mp_email,years_rented_to_mp
ST0028147,Yeovil,Conservative and Unionist Party,TRUE,,31893,2500,FALSE,0.078387107,,,
ST0028081,Yeovil,Liberal Democrats,TRUE,,0,0,FALSE,,Adam Dance,adam.dance.mp@parliament.uk,
ST0028452,Erewash,Conservative and Unionist Party,TRUE,,,,FALSE,,,,
ST0027280,Havant,Conservative and Unionist Party,TRUE,,0,0,FALSE,,Alan Mak,alan.mak.mp@parliament.uk,
ST0028332,South Leicestershire,Conservative and Unionist Party,TRUE,,,,FALSE,,Alberto Costa,alberto.costa.mp@parliament.uk,
ST0028438,North East Hampshire,Conservative and Unionist Party,TRUE,,4985,315,TRUE,0.063189569,,,
ST0028213,Brentwood & Ongar,Conservative and Unionist Party,TRUE,,,,FALSE,,Alex Burghart,alex.burghart.mp@parliament.uk,
ST0028428,Gloucester,Conservative and Unionist Party,TRUE,,,,FALSE,,,,
ST0028519,Rutland and Stamford,Conservative and Unionist Party,TRUE,,0,0,FALSE,,Alicia Kearns,alicia.kearns.mp@parliament.uk,6
ST0028063,Mid Sussex,Liberal Democrats,TRUE,,0,,FALSE,,Alison Bennett,alison.bennett.mp@parliament.uk,
ST0027310,Mid Sussex,Conservative and Unionist Party,TRUE,,1444,,FALSE,0,,,
ST0028345,Scarborough & Whitby,Conservative and Unionist Party,TRUE,,1000,,FALSE,0,,,
ST0028318,St Ives,Conservative and Unionist Party,TRUE,,982,638,FALSE,0.6496945010183299,,,
ST0028099,St Ives,Liberal Democrats,TRUE,,0,148.6,FALSE,,Andrew George,andrew.george.mp@parliament.uk,
ST0028163,Arundel & South Downs,Conservative and Unionist Party,TRUE,,,,FALSE,,Andrew Griffith,andrew.griffith.mp@parliament.uk,
ST0028295,Welwyn Hatfield,Conservative and Unionist Party,TRUE,,46998,5223,FALSE,0.1111323886122813,,,
ST0028106,Welwyn Hatfield,Liberal Democrats,TRUE,,0,0,FALSE,,,,
ST0028364,Peterborough,Conservative and Unionist Party,TRUE,,9138,,FALSE,0,,,
ST0028353,Romford,Conservative and Unionist Party,TRUE,,25789,922,FALSE,0.035751677,Andrew Rosindell,andrew.rosindell.mp@parliament.uk,
ST0028352,Rossendale & Darwen,Conservative and Unionist Party,TRUE,,7791,0,TRUE,0,,,
ST0028341,Shipley,Conservative and Unionist Party,TRUE,,6720,,FALSE,0,,,
ST0026860,Cardiff North,Conservative and Unionist Party,TRUE,,0,,FALSE,,,,
ST0028231,Chester South and Eddisbury,Conservative and Unionist Party,TRUE,,0,0,FALSE,,Aphra Brandreth,aphra.brandreth.mp@parliament.uk,
ST0028289,West Lancashire,Conservative and Unionist Party,TRUE,,5163,0,FALSE,0,,,
ST0027358,South Norfolk,Conservative and Unionist Party,TRUE,,,1563,FALSE,,,,
ST0024812,North Cornwall,Conservative and Unionist Party,TRUE,,0,,FALSE,,,,
ST0027295,Huntingdon,Conservative and Unionist Party,TRUE,,0,,FALSE,,Ben Obese-Jecty,ben.obesejecty.mp@parliament.uk,
ST0026893,East Renfrewshire,Conservative and Unionist Party,TRUE,,,,FALSE,,,,
ST0028393,Mid Bedfordshire,Conservative and Unionist Party,TRUE,,,606,FALSE,,Blake Stephenson,blake.stephenson.mp@parliament.uk,
ST0028417,Harrow East,Conservative and Unionist Party,TRUE,,,,FALSE,,Bob Blackman,bob.blackman.mp@parliament.uk,
ST0028216,Bromsgrove,Conservative and Unionist Party,TRUE,,,,FALSE,,Bradley Thomas,bradley.thomas.mp@parliament.uk,
ST0028334,South Devon,Conservative and Unionist Party,TRUE,,322,,FALSE,0,,,
ST0028477,Witney,Liberal Democrats,TRUE,,0,,FALSE,,Charlie Maynard,charlie.maynard.mp@parliament.uk,
ST0028294,Witney,Conservative and Unionist Party,TRUE,,,313.88,FALSE,,,,
ST0028358,Redditch,Conservative and Unionist Party,TRUE,,441.52,,FALSE,0,,,
ST0028459,Dorking and Horley,Conservative and Unionist Party,TRUE,,12820,3460,FALSE,0.2698907956318253,,,
ST0027288,Hertfordshire North East,Conservative and Unionist Party,TRUE,,8040,781,FALSE,0.097139303,,,
ST0028419,Harlow,Conservative and Unionist Party,TRUE,,,,FALSE,,,,
ST0028040,Edinburgh West,Liberal Democrats,TRUE,,8350,0,FALSE,0,Christine Jardine,christine.jardine.mp@parliament.uk,
ST0028450,East Surrey,Conservative and Unionist Party,TRUE,,12373,2656,FALSE,0.214660955,Claire Coutinho,claire.coutinho.mp@parliament.uk,
ST0028306,Thornbury and Yate,Conservative and Unionist Party,TRUE,,28471,3227,FALSE,0.1133434020582346,,,
ST0028152,Wokingham,Conservative and Unionist Party,TRUE,,6111,,FALSE,0,,,
ST0026881,Crewe & Nantwich,Conservative and Unionist Party,TRUE,,4320,,FALSE,0,,,
ST0028319,St Albans,Conservative and Unionist Party,TRUE,,1358,,FALSE,0,,,
ST0028098,St Albans,Liberal Democrats,TRUE,,5810,265,FALSE,0.045611015,Daisy Cooper,daisy.cooper.mp@parliament.uk,
ST0025030,Wallasey,Conservative and Unionist Party,TRUE,,0,,FALSE,,,,
ST0028425,Gosport,Conservative and Unionist Party,TRUE,,9800,1627,FALSE,0.1660204081632653,Dame Caroline Dinenage,caroline.dinenage.mp@parliament.uk,
ST0028288,West Worcestershire,Conservative and Unionist Party,TRUE,,,,FALSE,,Dame Harriett Baldwin,harriett.baldwin.mp@parliament.uk,
ST0028448,East Hampshire,Conservative and Unionist Party,TRUE,,0,584,FALSE,,Damian Hinds,damian.hinds.mp@parliament.uk,
ST0028512,North East Somerset and Hanham,Conservative and Unionist Party,TRUE,,0,0,FALSE,,,,
ST0026870,Chipping Barnet,Conservative and Unionist Party,TRUE,,8162.2,,FALSE,0,,,
ST0028184,Bexleyheath & Crayford,Conservative and Unionist Party,TRUE,,32902.85,5630.27,FALSE,0.1711180034556277,,,
ST0028024,Cambridge,Liberal Democrats,TRUE,,3483.34,102.44,FALSE,0.029408556,,,
ST0028296,Uxbridge and South Ruislip,Conservative and Unionist Party,TRUE,,30946,1280,TRUE,0.041362373,,,
ST0028457,East Wiltshire,Conservative and Unionist Party,TRUE,,,56,FALSE,,Danny Kruger,,
ST0028323,Southampton Itchen,Conservative and Unionist Party,TRUE,,,,FALSE,,,,
ST0027304,Lichfield,Conservative and Unionist Party,TRUE,,0,0,FALSE,,,,
ST0028321,Southend West and leigh,Conservative and Unionist Party,TRUE,,12972,792,FALSE,0.061054579,,,
ST0028022,"Brecon, Radnor and Cwm Tawe",Liberal Democrats,TRUE,,0,0,FALSE,,David Chadwick,david.chadwick.mp@parliament.uk,
ST0028426,Goole and Pocklington,Conservative and Unionist Party,TRUE,,0,,FALSE,,David Davis,david.davis.mp@parliament.uk,
ST0028349,"Ruislip, Northwood and Pinner",Conservative and Unionist Party,TRUE,,0,66,FALSE,,David Simmonds,david.simmonds.mp@parliament.uk,
ST0028413,Hemel Hempstead,Conservative and Unionist Party,TRUE,,50,100,FALSE,2,,,
ST0028312,Surrey Heath,Conservative and Unionist Party,TRUE,,21633,9,TRUE,0.000416031,,,
ST0028101,Surrey Heath,Liberal Democrats,TRUE,,800,229.17,FALSE,0.2864625,Dr Al Pinkerton,al.pinkerton.mp@parliament.uk,
ST0028150,Worthing West,Conservative and Unionist Party,TRUE,,17800,1858,FALSE,0.1043820224719101,,,
ST0028348,Runnymede & Weybridge,Conservative and Unionist Party,TRUE,,0,3040,FALSE,,Dr Ben Spencer,ben.spencer.mp@parliament.uk,
ST0028284,Winchester,Conservative and Unionist Party,TRUE,,0,,FALSE,,,,
ST0024761,Loughborough,Conservative and Unionist Party,TRUE,,12405.85,,FALSE,0,,,
ST0028177,Bexhill & Battle,Conservative and Unionist Party,TRUE,,229,,FALSE,0,Dr Kieran Mullan,kieran.mullan.mp@parliament.uk,
ST0028424,Gravesham,Conservative and Unionist Party,TRUE,,,,FALSE,,,,
ST0028410,Hinckley and Bosworth,Conservative and Unionist Party,TRUE,,13485,2229,TRUE,0.1652947719688542,Dr Luke Evans,luke.evans.mp@parliament.uk,
ST0028454,Epping Forest,Conservative and Unionist Party,TRUE,,15650,1615,TRUE,0.1031948881789137,Dr Neil Hudson,neil.hudson.mp@parliament.uk,6
ST0028336,South Cotswolds,Conservative and Unionist Party,TRUE,,,,FALSE,,,,
ST0026889,Ealing Central and Acton,Conservative and Unionist Party,TRUE,,0,1021,FALSE,,,,
ST0024929,Stroud,Conservative and Unionist Party,TRUE,,0,,FALSE,,,,
ST0028399,Kingston & Surbiton,Conservative and Unionist Party,TRUE,,1223.64,,FALSE,0,Ed Davey,,8
ST0028290,West Dorset,Conservative and Unionist Party,TRUE,,7874,,TRUE,0,,,
ST0028108,West Dorset,Liberal Democrats,TRUE,,0,,FALSE,,Edward Morello,edward.morello.mp@parliament.uk,
ST0028379,North Herefordshire,Conservative and Unionist Party,TRUE,,6262.63,,FALSE,0,,,
ST0028303,Tatton,Conservative and Unionist Party,TRUE,,0,,FALSE,,Esther McVey,esther.mcvey.mp@parliament.uk,
ST0026899,Enfield North,Conservative and Unionist Party,TRUE,,0,,FALSE,,,,
ST0028362,Putney,Conservative and Unionist Party,TRUE,,76000,15000,FALSE,0.1973684210526315,,,
ST0028510,Henley and Thame,Conservative and Unionist Party,TRUE,,,119930,FALSE,,,,
ST0028470,Henley and Thame,Liberal Democrats,TRUE,,0,65.84,FALSE,,Freddie van Mierlo,freddie.vanmierlo.mp@parliament.uk,
ST0028369,Orpington,Conservative and Unionist Party,TRUE,,37531,,FALSE,0,Gareth Bacon,gareth.bacon.mp@parliament.uk,
ST0028534,Grantham and Bourne,Conservative and Unionist Party,TRUE,,8250,847,FALSE,0.1026666666666666,Gareth Davies,gareth.davies.mp@parliament.uk,
ST0028416,Harrow West,Conservative and Unionist Party,TRUE,,47032,5360.5,FALSE,0.1139755910869195,,,
ST0028360,Queen's Park and Maida Vale,Conservative and Unionist Party,TRUE,,,14156,FALSE,,,,
ST0028473,Taunton and Wellington,Liberal Democrats,TRUE,,0,,FALSE,,Gideon Amos,gideon.amos.mp@parliament.uk,
ST0028304,Taunton and Wellington,Conservative and Unionist Party,TRUE,,150,3199,FALSE,21.326666666666668,,,
ST0028175,Beverley & Holderness,Conservative and Unionist Party,TRUE,,3245,,TRUE,0,Graham Stuart,grahamstuartmp@parliament.uk,20
ST0028433,Farnham and Bordon,Conservative and Unionist Party,TRUE,,1587,,FALSE,0,Gregory Stafford,greg.stafford.mp@parliament.uk,
ST0028511,Maidstone & Malling,Conservative and Unionist Party,TRUE,,,,FALSE,,Helen Grant,helen.grant.mp@parliament.uk,
ST0028545,Dulwich & West Norwood,Conservative and Unionist Party,TRUE,,42950,,FALSE,0,,,
ST0028453,Epsom & Ewell,Conservative and Unionist Party,TRUE,,3878,920,FALSE,0.2372356884992264,,,
ST0028042,Epsom & Ewell,Liberal Democrats,TRUE,,0,62,FALSE,,Helen Maguire,helen.maguire.mp@parliament.uk,
ST0028377,North Shropshire,Conservative and Unionist Party,TRUE,,0,,FALSE,,,,
ST0028073,North Shropshire,Liberal Democrats,TRUE,,833.34,,FALSE,0,Helen Morgan,helen.morgan.mp@parliament.uk,
ST0024686,Faversham & Mid Kent,Conservative and Unionist Party,TRUE,,,,FALSE,,Helen Whately,helen.whately.mp@parliament.uk,
ST0027279,Hastings & Rye,Conservative and Unionist Party,TRUE,,0,,FALSE,,,,
ST0028094,South Edinburgh,Liberal Democrats,TRUE,,0,0,FALSE,,,,
ST0028382,North Devon,Conservative and Unionist Party,TRUE,,7899,305,FALSE,0.038612483,,,
ST0028068,North Devon,Liberal Democrats,TRUE,,84.31,0,FALSE,0,Ian Roome,ian.roome.mp@parliament.uk,
ST0028406,Ipswich,Conservative and Unionist Party,TRUE,,0,,FALSE,,,,
ST0028156,Windsor,Conservative and Unionist Party,TRUE,,15990,,FALSE,0,Jack Rankin,jack.rankin.mp@parliament.uk,
ST0028314,Suffolk South,Conservative and Unionist Party,TRUE,,,,FALSE,,James Cartlidge,james.cartlidge.mp@parliament.uk,
ST0028397,Lewes,Conservative and Unionist Party,TRUE,,749,34,FALSE,0.045393858,,,
ST0028057,Lewes,Liberal Democrats,TRUE,,0,0,FALSE,,James MacCleary,james.maccleary.mp@parliament.uk,
ST0028347,Rushcliffe,Conservative and Unionist Party,TRUE,,21900,4845,TRUE,0.2212328767123287,,,
ST0028386,Norfolk North West,Conservative and Unionist Party,TRUE,,,,FALSE,,James Wild,james.wild.mp@parliament.uk,
ST0025027,Truro and Falmouth,Conservative and Unionist Party,TRUE,,,15.29,FALSE,,,,
ST0028315,Suffolk Coastal,Conservative and Unionist Party,TRUE,,,100,FALSE,,,,
ST0028465,Broadland and Fakenham,Conservative and Unionist Party,TRUE,,5500,,FALSE,0,Jerome Mayhew,jerome.mayhew.mp@parliament.uk,
ST0028435,Chichester,Conservative and Unionist Party,TRUE,,0,179,FALSE,,,,
ST0028031,Chichester,Liberal Democrats,TRUE,,0,0,FALSE,,Jess Brown-Fuller,jess.brownfuller.mp@parliament.uk,
ST0028481,Hereford and South Herefordshire,Conservative and Unionist Party,TRUE,,,,FALSE,,Jesse Norman,jesse.norman.mp@parliament.uk,
ST0028210,Bournemouth West,Conservative and Unionist Party,TRUE,,14657,976,FALSE,0.066589343,,,
ST0028171,Bassetlaw,Conservative and Unionist Party,TRUE,,0,0,FALSE,,,,
ST0024844,Nuneaton,Conservative and Unionist Party,TRUE,,-1440,,FALSE,,,,
ST0028346,Salisbury,Conservative and Unionist Party,TRUE,,15298,,TRUE,0,John Glen,john.glen.mp@parliament.uk,15
ST0028408,Horsham,Conservative and Unionist Party,TRUE,,14000,1941,FALSE,0.1386428571428571,,,
ST0028052,Horsham,Liberal Democrats,TRUE,,0,0.9,FALSE,,John Milne,john.milne.mp@parliament.uk,
ST0028350,Rugby,Conservative and Unionist Party,TRUE,,7.67,0,FALSE,0,,,
ST0026884,Derbyshire Dales,Conservative and Unionist Party,TRUE,,0,86,FALSE,,,,
ST0028411,High Peak,Conservative and Unionist Party,TRUE,,13787,406.41,FALSE,0.029477769,,,
ST0028455,Eastbourne,Conservative and Unionist Party,TRUE,,,359,FALSE,,,,
ST0028038,Eastbourne,Liberal Democrats,TRUE,,15202,,FALSE,0,Josh Babarinde,josh.babarinde.mp@parliament.uk,
ST0028221,Calder Valley,Conservative and Unionist Party,TRUE,,,,FALSE,,,,
ST0028174,Beaconsfield,Conservative and Unionist Party,TRUE,,18050,1878,FALSE,0.1040443213296399,Joy Morrissey,joy.morrissey.mp@parliament.uk,
ST0028340,Shrewsbury,Conservative and Unionist Party,TRUE,,4800,,TRUE,0,,,
ST0024567,Broxtowe,Conservative and Unionist Party,TRUE,,0,0,FALSE,,,,
ST0027065,Vale of Glamorgan,Conservative and Unionist Party,TRUE,,3000,0,FALSE,0,,,
ST0028515,Weald of Kent,Conservative and Unionist Party,TRUE,,0,,FALSE,,Katie Lam,katie.lam.mp@parliament.uk,
ST0024718,Leeds North West,Liberal Democrats,TRUE,,1840,336.78,FALSE,0.1830326086956521,,,
ST0028305,Thirsk and Malton,Conservative and Unionist Party,TRUE,,2100,0,FALSE,0,Kevin Hollinrake,kevin.hollinrake.mp@parliament.uk,
ST0028373,North West Hampshire,Conservative and Unionist Party,TRUE,,4985,243,TRUE,0.048746239,Kit Malthouse,kit.malthouse.mp@parliament.uk,10
ST0028167,Aylesbury,Conservative and Unionist Party,TRUE,,225448,52366,TRUE,0.2322752918633121,,,
ST0028017,Aylesbury,Liberal Democrats,TRUE,,0,0,FALSE,,,,
ST0028343,Sevenoaks,Conservative and Unionist Party,TRUE,,,0,TRUE,,Laura Trott,laura.trott.mp@parliament.uk,
ST0028075,Oxford West and Abingdon,Liberal Democrats,TRUE,,4693.28,,FALSE,0,Layla Moran,layla.moran.mp@parliament.uk,
ST0024849,Oxford West & Abingdon,Conservative and Unionist Party,TRUE,,,,FALSE,,,,
ST0028442,Corby and East Northamptonshire,Conservative and Unionist Party,TRUE,,0,0,FALSE,,,,
ST0027365,Stafford,Conservative and Unionist Party,TRUE,,4444,,FALSE,0,,,
ST0028217,Broxbourne,Conservative and Unionist Party,TRUE,,,8,FALSE,,Lewis Cocking,lewis.cocking.mp@parliament.uk,
ST0028505,Beckenham and Penge,Conservative and Unionist Party,TRUE,,14062,4486,TRUE,0.3190157872279903,,,
ST0028301,Beckenham and Penge,Labour Party,TRUE,,0,6.55,TRUE,,Liam Conlon,liam.conlon.mp@parliament.uk,
ST0024920,Spelthorne,Conservative and Unionist Party,TRUE,,3000,,TRUE,0,Lincoln Jopp,lincoln.jopp.mp@parliament.uk,
ST0028048,Hazel Grove,Liberal Democrats,TRUE,,240,16.3,FALSE,0.067916667,Lisa Smart,lisa.smart.mp@parliament.uk,
ST0027281,Hazel Grove,Conservative and Unionist Party,TRUE,,0,,FALSE,,,,
ST0028039,Eastleigh,Liberal Democrats,TRUE,,2161.6,217.14,FALSE,0.1004533678756476,Liz Jarvis,liz.jarvis.mp@parliament.uk,
ST0024678,Eastleigh,Conservative and Unionist Party,TRUE,,16000,,TRUE,0,,,
ST0027848,Dwyfor Meirionnydd,Plaid Cymru - The Party of Wales,TRUE,,4248,,FALSE,0,Liz Saville Roberts,liz.savilleroberts.mp@parliament.uk,
ST0024897,South Dorset,Conservative and Unionist Party,TRUE,,26,,FALSE,0,,,
ST0028506,Blackpool North and Fleetwood,Conservative and Unionist Party,TRUE,,0,,FALSE,,,,
ST0028228,Chelmsford,Conservative and Unionist Party,TRUE,,25242,,TRUE,0,,,
ST0028148,Wyre Forest,Conservative and Unionist Party,TRUE,,5400,1062,FALSE,0.1966666666666666,Mark Garnier,mark.garnier.mp@parliament.uk,
ST0028366,Penrith and Solway,Conservative and Unionist Party,TRUE,,1,,FALSE,0,,,
ST0028173,Battersea,Conservative and Unionist Party,TRUE,,22100,3752,FALSE,0.1697737556561086,,,
ST0028067,Newton Abbot,Liberal Democrats,TRUE,,0,68.1,FALSE,,Martin Wrigley,martin.wrigley.mp@parliament.uk,
ST0028431,Forest of Dean,Conservative and Unionist Party,TRUE,,,,FALSE,,,,
ST0028291,Watford,Conservative and Unionist Party,TRUE,,13186,2637,FALSE,0.1999848323979978,,,
ST0028104,Watford,Liberal Democrats,TRUE,,0,0,FALSE,,,,
ST0028292,Warwick & Leamington,Conservative and Unionist Party,TRUE,,0,5,FALSE,,,,
ST0028154,Wirral West,Conservative and Unionist Party,TRUE,,0,,FALSE,,,,
ST0028229,Cheltenham,Conservative and Unionist Party,TRUE,,0,0,FALSE,,,,
ST0028029,Cheltenham,Liberal Democrats,TRUE,,1200,,FALSE,0,Max Wilkinson,max.wilkinson.mp@parliament.uk,
ST0028225,Central Devon,Conservative and Unionist Party,TRUE,,0,0,FALSE,,Mel Stride,mel.stride.mp@parliament.uk,
ST0027282,Central Devon,Liberal Democrats,TRUE,,0,,FALSE,,,,
ST0028429,Gedling,Conservative and Unionist Party,TRUE,,75,,FALSE,0,,,
ST0028342,Sherwood Forest,Conservative and Unionist Party,TRUE,,117,,FALSE,0,,,
ST0028088,Tunbridge Wells,Liberal Democrats,TRUE,,0,,FALSE,,Mike Martin,mike.martin.mp@parliament.uk,
ST0028458,Dover and Deal,Conservative and Unionist Party,TRUE,,14592,,TRUE,0,,,
ST0028447,East Grinstead and Uckfield,Conservative and Unionist Party,TRUE,,292,143,FALSE,0.4897260273972603,Mims Davies,mims.davies.mp@parliament.uk,
ST0028019,Bedford,Liberal Democrats,TRUE,,0,0,FALSE,,,,
ST0027482,Bedford,Conservative and Unionist Party,TRUE,,1269.9,,FALSE,0,,,
ST0028451,Esher & Walton,Conservative and Unionist Party,TRUE,,600,,FALSE,0,,,
ST0028309,Sutton Coldfield,Conservative and Unionist Party,TRUE,,6486,55314,FALSE,8.528214616096207,Mr Andrew Mitchell,andrew.mitchell.mp@parliament.uk,
ST0028322,Southend East and Rochford,Conservative and Unionist Party,TRUE,,,760,FALSE,,,,
ST0028162,Altrincham & Sale West,Conservative and Unionist Party,TRUE,,8337,,FALSE,0,,,
ST0028449,East Lothian,Conservative and Unionist Party,TRUE,,,,FALSE,,,,
ST0028327,South West Hertfordshire,Conservative and Unionist Party,TRUE,,0,384,FALSE,,Mr Gagan Mohindra,gagan.mohindra.mp@parliament.uk,
ST0027289,Hertfordshire South West,Conservative and Unionist Party,TRUE,,0,,FALSE,,Mr Gagan Mohindra,gagan.mohindra.mp@parliament.uk,
ST0028212,Braintree,Conservative and Unionist Party,TRUE,,,2721,FALSE,,Mr James Cleverly,james.cleverly.mp@parliament.uk,
ST0028394,Maidenhead,Conservative and Unionist Party,TRUE,,,,FALSE,,,,
ST0028387,Newbury,Conservative and Unionist Party,TRUE,,30124,3383,FALSE,0.1123024830699774,,,
ST0028370,Old Bexley & Sidcup,Conservative and Unionist Party,TRUE,,5651,,TRUE,0,Mr Louie French,louie.french.mp@parliament.uk,4
ST0028357,Rayleigh and Wickford,Conservative and Unionist Party,TRUE,,6000,,TRUE,0,Mr Mark Francois,mark.francois.mp@parliament.uk,
ST0028285,Wimbledon,Conservative and Unionist Party,TRUE,,459,108,FALSE,0.2352941176470588,,,
ST0028283,Woking,Conservative and Unionist Party,TRUE,,8439,1475,TRUE,0.1747837421495437,,,
ST0028115,Woking,Liberal Democrats,TRUE,,0,541.29,FALSE,,Mr Will Forster,will.forster.mp@parliament.uk,
ST0026861,Carlisle,Conservative and Unionist Party,TRUE,,,151,FALSE,,,,
ST0028311,Sussex Weald,Conservative and Unionist Party,TRUE,,0,,FALSE,,Ms Nusrat Ghani,nusrat.ghani.mp@parliament.uk,
ST0028297,Twickenham,Conservative and Unionist Party,TRUE,,17520,837,FALSE,0.047773973,,,
ST0028363,Poole,Conservative and Unionist Party,TRUE,,11428,100.76,TRUE,0.008816941,,,
ST0028078,Poole,Liberal Democrats,TRUE,,0,131.98,FALSE,,,,
ST0028420,"Harborough, Oadby and Wigston",Conservative and Unionist Party,TRUE,,1087,,TRUE,0,Neil O'Brien,neil.obrien.mp@parliament.uk,8
ST0028313,Suffolk West,Conservative and Unionist Party,TRUE,,0,0,FALSE,,Nick Timothy,nick.timothy.mp@parliament.uk,
ST0028475,Didcot and Wantage,Liberal Democrats,TRUE,,277,85.34,FALSE,0.308086643,Olly Glover,olly.glover.mp@parliament.uk,
ST0028445,Didcot and Wantage,Conservative and Unionist Party,TRUE,,,836,FALSE,,,,
ST0028144,Colchester,Liberal Democrats,TRUE,,0,88.25,FALSE,,,,
ST0028320,Southport,Conservative and Unionist Party,TRUE,,200,,FALSE,0,,,
ST0024578,Central Suffolk & North Ipswich,Conservative and Unionist Party,TRUE,,576,,FALSE,0,Patrick Spencer,patrick.spencer.mp@parliament.uk,
ST0028508,Bromley and Biggin Hill,Conservative and Unionist Party,TRUE,,8774,1500,TRUE,0.1709596535217688,Peter Fortune,peter.fortune.mp@parliament.uk,
ST0028220,Bury St Edmunds and Stowmarket,Conservative and Unionist Party,TRUE,,,,FALSE,,,,
ST0028211,Bracknell,Conservative and Unionist Party,TRUE,,0,,FALSE,,,,
ST0028191,Bolton West,Conservative and Unionist Party,TRUE,,4800,,FALSE,0,,,
ST0028337,South Cambridgeshire,Conservative and Unionist Party,TRUE,,,,FALSE,,,,
ST0028091,South Cambridgeshire,Liberal Democrats,TRUE,,0,,FALSE,,Pippa Heylings,pippa.heylings.mp@parliament.uk,
ST0028153,Witham,Conservative and Unionist Party,TRUE,,,,FALSE,,Priti Patel,withammp@parliament.uk,
ST0028609,Cities of London & Westminster,Conservative and Unionist Party,TRUE,,,0,FALSE,,,,
ST0028307,Tiverton and Minehead,Conservative and Unionist Party,TRUE,,,,FALSE,,,,
ST0028224,Castle Point,Conservative and Unionist Party,TRUE,,3630,,FALSE,0,Rebecca Harris,rebecca.harris.mp@parliament.uk,
ST0028359,Reigate,Conservative and Unionist Party,TRUE,,3577,,FALSE,0,Rebecca Paul,rebecca.paul.mp@parliament.uk,
ST0028328,South West Devon,Conservative and Unionist Party,TRUE,,,100,FALSE,,Rebecca Smith,rebecca.smith.mp@parliament.uk,
ST0028409,Honiton and Sidmouth,Conservative and Unionist Party,TRUE,,0,,FALSE,,,,
ST0028385,North Bedfordshire,Conservative and Unionist Party,TRUE,,933,250,FALSE,0.2679528403001072,Richard Fuller,richard.fuller.mp@parliament.uk,
ST0028207,Boston & Skegness,Conservative and Unionist Party,TRUE,,,,FALSE,,,,
ST0028356,Richmond and Northallerton,Conservative and Unionist Party,TRUE,,38556,60,FALSE,0.001556178,Rishi Sunak,rishi.sunak.mp@parliament.uk,
ST0028403,Keighley and Ilkley,Conservative and Unionist Party,TRUE,,1500,,FALSE,0,Robbie Moore,robbie.moore.mp@parliament.uk,
ST0028388,Newark,Conservative and Unionist Party,TRUE,,5798,48,FALSE,0.008278717,Robert Jenrick,robert.jenrick.mp@parliament.uk,
ST0028223,Canterbury,Conservative and Unionist Party,TRUE,,,3439,FALSE,,,,
ST0028400,Kettering,Conservative and Unionist Party,TRUE,,176,,FALSE,0,,,
ST0026846,Brentford & Isleworth,Conservative and Unionist Party,TRUE,,38393,6684,FALSE,0.1740942359284244,,,
ST0028376,North Somerset,Conservative and Unionist Party,TRUE,,25550,1299,FALSE,0.050841487,,,
ST0028375,North West Cambridgeshire,Conservative and Unionist Party,TRUE,,975,252,FALSE,0.2584615384615384,,,
ST0028335,South Derbyshire,Conservative and Unionist Party,TRUE,,15318.48,,FALSE,0,,,
ST0028302,Tamworth,Conservative and Unionist Party,TRUE,,6014.91,,FALSE,0,,,
ST0028032,Chippenham,Liberal Democrats,TRUE,,0,0,FALSE,,Sarah Gibson,sarah.gibson.mp@parliament.uk,
ST0028030,Chesham and Amersham,Liberal Democrats,TRUE,,0,0,FALSE,,Sarah Green,sarah.green.mp@parliament.uk,
ST0028355,Richmond Park,Conservative and Unionist Party,TRUE,,36461,3846,FALSE,0.1054825704177065,,,
ST0028432,Finchley & Golders Green,Conservative and Unionist Party,TRUE,,20000,4008,FALSE,0.2004,,,
ST0028407,Hyndburn,Conservative and Unionist Party,TRUE,,,,FALSE,,,,
ST0026830,Banbury,Conservative and Unionist Party,TRUE,,,,FALSE,,,,
ST0028381,North Dorset,Conservative and Unionist Party,TRUE,,6494,,TRUE,0,Simon Hoare,simon.hoare.mp@parliament.uk,10
ST0028286,Wetherby and Easingwold,Conservative and Unionist Party,TRUE,,,,FALSE,,Sir Alec Shelbrooke,alec.shelbrooke.mp@parliament.uk,
ST0028214,Bridgwater,Conservative and Unionist Party,TRUE,,3333,798,TRUE,0.2394239423942394,Sir Ashley Fox,ashley.fox.mp@parliament.uk,
ST0028430,Gainsborough,Conservative and Unionist Party,TRUE,,0,132,FALSE,,Sir Edward Leigh,edward.leigh.mp@parliament.uk,
ST0028384,North Cotswolds,Conservative and Unionist Party,TRUE,,300,,FALSE,0,Sir Geoffrey Clifton-Brown,cliftonbrowng@parliament.uk,
ST0028298,Torridge and Tavistock,Conservative and Unionist Party,TRUE,,,224,FALSE,,Sir Geoffrey Cox,coxg@parliament.uk,
ST0028436,Chingford & Woodford Green,Conservative and Unionist Party,TRUE,,0,,FALSE,,Sir Iain Duncan Smith,Iain.duncansmith.mp@parliament.uk,15
ST0028402,Kenilworth and Southam,Conservative and Unionist Party,TRUE,,0,,FALSE,,Sir Jeremy Wright,Jeremy.wright.mp@parliament.uk,
ST0028333,South Holland & The Deepings,Conservative and Unionist Party,TRUE,,9968,0,TRUE,0,Sir John Hayes,hayesj@parliament.uk,28
ST0028389,New Forest East,Conservative and Unionist Party,TRUE,,10317,,FALSE,0,Sir Julian Lewis,,
ST0027728,Skipton & Ripon,Conservative and Unionist Party,TRUE,,7500,,FALSE,0,Sir Julian Smith,julian.smith.mp@parliament.uk,
ST0027290,Hertsmere,Conservative and Unionist Party,TRUE,,9956,,FALSE,0,Sir Oliver Dowden,oliver.dowden.mp@parliament.uk,
ST0024832,Norfolk North,Conservative and Unionist Party,TRUE,,5408,,TRUE,0,,,
ST0028299,Torbay,Conservative and Unionist Party,TRUE,,0,0,FALSE,,,,
ST0028086,Torbay,Liberal Democrats,TRUE,,0,0,FALSE,,Steve Darling,steve.darling.mp@parliament.uk,
ST0028434,Fareham and Waterlooville,Conservative and Unionist Party,TRUE,,17501,0,TRUE,0,Suella Braverman,suella.braverman.mp@parliament.uk,
ST0028326,South West Norfolk,Conservative and Unionist Party,TRUE,,9372,,FALSE,0,,,
ST0028476,Wells and Mendip Hills,Liberal Democrats,TRUE,,5628,870.58,FALSE,0.1546872778962331,Tessa Munt,tessa.munt.mp@parliament.uk,
ST0028287,Westmorland & Lonsdale,Conservative and Unionist Party,TRUE,,0,470,FALSE,,,,
ST0028395,Macclesfield,Conservative and Unionist Party,TRUE,,,,FALSE,,,,
ST0024851,Worcester,Conservative and Unionist Party,TRUE,,0,,FALSE,,,,
ST0028418,Harrogate & Knaresborough,Conservative and Unionist Party,TRUE,,14789,9597,TRUE,0.648928257,,,
ST0028047,Harrogate and Knaresborough,Liberal Democrats,TRUE,,0,150,FALSE,,Tom Gordon,tom.gordon.mp@parliament.uk,
ST0028209,Bournemouth East,Conservative and Unionist Party,TRUE,,11851,0,TRUE,0,,,
ST0028027,Cheadle,Liberal Democrats,TRUE,,0,48,FALSE,,Tom Morrison,tom.morrison.mp@parliament.uk,
ST0028456,East Worthing and Shoreham,Conservative and Unionist Party,TRUE,,12792,2432,FALSE,0.1901188242651657,,,
ST0028513,Tonbridge,Conservative and Unionist Party,TRUE,,,140,FALSE,,Tom Tugendhat,tom.tugendhat.mp@parliament.uk,
ST0026909,Folkestone & Hythe,Conservative and Unionist Party,TRUE,,10500,,TRUE,0,,,
ST0028227,Chatham & Aylesford,Conservative and Unionist Party,TRUE,,0,0,FALSE,,,,
ST0028517,Hampstead and Highgate,Conservative and Unionist Party,TRUE,,,,FALSE,,,,
ST0028514,Walsall and Bloxwich,Conservative and Unionist Party,TRUE,,0,,FALSE,,,,
ST0028062,Mid Dorset and North Poole,Liberal Democrats,TRUE,,1308.83,,FALSE,0,Vikki Slade,vikki.slade.mp@parliament.uk,
ST0026833,Bath,Conservative and Unionist Party,TRUE,,200,,FALSE,0,,,
ST0028422,Guildford,Conservative and Unionist Party,TRUE,,,,FALSE,,,,
ST0028045,Guildford,Liberal Democrats,TRUE,,0,,FALSE,,Zöe Franklin,zoe.franklin.mp@parliament.uk,
ST0028562,Wantage,Conservative and Unionist Party,TRUE,,,619,FALSE,,,,
ST0028561,The Cotswolds,Conservative and Unionist Party,TRUE,,,,FALSE,,,,
ST0028560,South West Surrey,Conservative and Unionist Party,TRUE,,5939,,TRUE,0,Jeremy Hunt,,20
ST0028559,South West Bedfordshire,Conservative and Unionist Party,TRUE,,,,FALSE,,,,
ST0028558,South Thanet,Conservative and Unionist Party,TRUE,,0,0,FALSE,,,,
ST0028555,Workington,Conservative and Unionist Party,TRUE,,93,,FALSE,0,,,
ST0028554,South East Cambridgeshire,Conservative and Unionist Party,TRUE,,0,77,FALSE,,,,
ST0028553,Somerton & Frome,Conservative and Unionist Party,TRUE,,,,FALSE,,,,
ST0028552,Saffron Walden,Conservative and Unionist Party,TRUE,,5517,,TRUE,0,,,
ST0028551,Pudsey,Conservative and Unionist Party,TRUE,,17.15,16.9,FALSE,0.9854227405247812,,,
ST0028549,Newcastle Upon Tyne,Conservative and Unionist Party,TRUE,,,0,FALSE,,,,
ST0028548,Mid Worcestershire,Conservative and Unionist Party,TRUE,,0,,FALSE,,,,
ST0028547,Haltemprice & Howden,Conservative and Unionist Party,TRUE,,1335,,FALSE,0,,,
ST0028546,East Devon,Conservative and Unionist Party,TRUE,,0,,FALSE,,,,
ST0028544,Devizes,Conservative and Unionist Party,TRUE,,,603,FALSE,,,,
ST0028543,City of Chester,Conservative and Unionist Party,TRUE,,1144,,FALSE,0,,,
ST0028536,Bassetlaw CLP,Labour Party,TRUE,,1485,83.29,TRUE,0.056087542,Jo White,jo.white.mp@parliament.uk,
ST0028528,"Westmorland, Furness and Eden",Liberal Democrats,TRUE,,19662.61,375.59,FALSE,0.019101737,,,
ST0028527,Wales,Liberal Democrats,TRUE,,0,,FALSE,,,,
ST0028526,Twickenham and Richmond,Liberal Democrats,TRUE,,0,4341.04,FALSE,,,,
ST0028525,Scotland,Liberal Democrats,TRUE,,3000,,FALSE,0,,,
ST0028522,ALDC,Liberal Democrats,TRUE,,2428,,FALSE,0,,,
ST0028518,Pendle and Ribble Valley,Conservative and Unionist Party,TRUE,,3000,,TRUE,0,,,
ST0028509,Staffordshire,Conservative and Unionist Party,TRUE,,0,,FALSE,,,,
ST0028507,"Brecon, Radnor and Cwmtawe",Conservative and Unionist Party,TRUE,,3371,,FALSE,0,,,
ST0028485,Brentford and Isleworth CLP,Labour Party,TRUE,,64711,5275,FALSE,0.08151628,Ruth Cadbury,ruthcadburymp@parliament.uk,10
ST0028482,Newcastle under Lyme,Conservative and Unionist Party,TRUE,,0,,FALSE,,,,
ST0028474,"Honiton, Sidmouth and Tiverton",Liberal Democrats,TRUE,,0,,FALSE,,,,
ST0028461,City of Coventry,Conservative and Unionist Party,TRUE,,112.99,,FALSE,0,,,
ST0028441,Clacton,Conservative and Unionist Party,TRUE,,13185.53,,TRUE,0,,,
ST0028440,Stoke on Trent,Conservative and Unionist Party,TRUE,,0,0,FALSE,,,,
ST0028439,City of Edinburgh,Conservative and Unionist Party,TRUE,,35482,5102,FALSE,0.1437912180824079,,,
ST0028427,Goldalming and Ash,Conservative and Unionist Party,TRUE,,6108,,FALSE,0,,,
ST0028405,Isle of Wight,Conservative and Unionist Party,TRUE,,7145,11,FALSE,0.001539538,,,
ST0028404,Islington,Conservative and Unionist Party,TRUE,,23500,4514,FALSE,0.1920851063829787,,,
ST0028401,"Kensington, Bayswater, Chelsea and Fulham",Conservative and Unionist Party,TRUE,,,,FALSE,,,,
ST0028398,Leicester,Conservative and Unionist Party,TRUE,,,,FALSE,,,,
ST0028392,Mid Derbyshire and Derby,Conservative and Unionist Party,TRUE,,2101,,FALSE,0,,,
ST0028390,Milton Keynes,Conservative and Unionist Party,TRUE,,,302,FALSE,,,,
ST0028383,North Derbyshire,Conservative and Unionist Party,TRUE,,0,87.24,FALSE,,,,
ST0028378,North Oxfordshire,Conservative and Unionist Party,TRUE,,,,FALSE,,,,
ST0028374,North West Cheshire,Conservative and Unionist Party,TRUE,,4452.65,5397.52,FALSE,1.2122039684232986,,,
ST0028371,Northumberland,Conservative and Unionist Party,TRUE,,,,FALSE,,,,
ST0028365,Perth and Kinross,Conservative and Unionist Party,TRUE,,4225,475,FALSE,0.1124260355029585,,,
ST0028351,Rotheram and District Federation,Conservative and Unionist Party,TRUE,,0,65.84,FALSE,,,,
ST0028344,Scottish Borders,Conservative and Unionist Party,TRUE,,7200,10801,FALSE,1.500138888888889,,,
ST0028338,South Ayrshire,Conservative and Unionist Party,TRUE,,10012,1891,FALSE,0.1888733519776268,,,
ST0028329,South Tees,Conservative and Unionist Party,TRUE,,9000,,FALSE,0,,,
ST0028325,South West Region,Conservative and Unionist Party,TRUE,,0,,FALSE,,,,
ST0028317,Stratford on Avon,Conservative and Unionist Party,TRUE,,10554,3315,FALSE,0.3140989198408186,,,
ST0028308,Swindon Federation,Conservative and Unionist Party,TRUE,,0,,FALSE,,,,
ST0028300,Tooting,Conservative and Unionist Party,TRUE,,24240,,FALSE,0,,,
ST0028293,Warrington,Conservative and Unionist Party,TRUE,,13200,2340,FALSE,0.1772727272727272,,,
ST0028226,Central Staffordshire,Conservative and Unionist Party,TRUE,,700,,FALSE,0,,,
ST0028219,Bury North and South,Conservative and Unionist Party,TRUE,,,,FALSE,,,,
ST0028218,Buckingham and Bletchley and Mid Buckingham,Conservative and Unionist Party,TRUE,,16860,3205,FALSE,0.1900948991696322,,,
ST0028215,Bristol and South Gloucestershire,Conservative and Unionist Party,TRUE,,57508,1240,FALSE,0.021562217,,,
ST0028170,Basildon and Thurrock Federation,Conservative and Unionist Party,TRUE,,7500,,FALSE,0,,,
ST0028166,"Barnsley, Penistone & Stocksbridge Federation",Conservative and Unionist Party,TRUE,,9800.6,,FALSE,0,,,
ST0028161,Aberdeenshire,Conservative and Unionist Party,TRUE,,15030,2982,FALSE,0.1984031936127744,,,
ST0028159,Exeter CLP,Labour Party,TRUE,,54544,3839,FALSE,0.070383544,Steve Race,steve.race.mp@parliament.uk,
ST0028158,Gedling CLP,Labour Party,TRUE,,,,FALSE,,Michael Payne,michael.payne.mp@parliament.uk,
ST0028157,North West Region,Green Party,TRUE,,,504,FALSE,,,,
ST0028155,South Cambridgeshire CLP,Labour Party,TRUE,,0,18.75,TRUE,,,,
ST0028151,Wolverhampton,Conservative and Unionist Party,TRUE,,1630,,FALSE,0,,,
ST0028146,York,Conservative and Unionist Party,TRUE,,8500,470,FALSE,0.055294118,,,
ST0028143,Truro and Falmouth CLP,Labour Party,TRUE,,1819,,FALSE,0,Jayne Kirkham,jayne.kirkham.mp@parliament.uk,
ST0028142,Reading East and West CLP,Labour Party,TRUE,,0,,FALSE,,,,
ST0028140,Oxfordshire,Green Party,TRUE,,0,0,FALSE,,,,
ST0028126,West Bromwich East CLP,Labour Party,TRUE,,0,0,FALSE,,,,
ST0028125,Slough CLP,Labour Party,TRUE,,0,,FALSE,,Mr Tanmanjeet Singh Dhesi,tan.dhesi.mp@parliament.uk,
ST0028124,Penistone and Stocksbridge CLP,Labour Party,TRUE,,0,,FALSE,,Dr Marie Tidball,marie.tidball.mp@parliament.uk,
ST0028123,Holborn and St Pancras CLP,Labour Party,TRUE,,0,103.7,FALSE,,Sir Keir Starmer,keir.starmer.mp@parliament.uk,
ST0028122,Harrow West CLP,Labour Party,TRUE,,11400,,FALSE,0,Gareth Thomas,gareth.thomas.mp@parliament.uk,
ST0028119,Barnet Local Campaign Forum,Labour Party,TRUE,,0,0,FALSE,,,,
ST0028116,Wokingham Borough,Liberal Democrats,TRUE,,0,412.39,FALSE,,,,
ST0028114,Windsor and Maidenhead,Liberal Democrats,TRUE,,0,0,FALSE,,,,
ST0028113,Winchester District,Liberal Democrats,TRUE,,0,,FALSE,,,,
ST0028112,Westminster Borough,Liberal Democrats,TRUE,,0,511.95,FALSE,,,,
ST0028111,Western Counties,Liberal Democrats,TRUE,,0,,FALSE,,,,
ST0028110,West Midlands,Liberal Democrats,TRUE,,0,,FALSE,,,,
ST0028109,West Hertfordshire,Liberal Democrats,TRUE,,0,,FALSE,,,,
ST0028107,West Berkshire and Newbury,Liberal Democrats,TRUE,,22817.9,2203.75,FALSE,0.096579878,,,
ST0028105,Waverley,Liberal Democrats,TRUE,,0,0,FALSE,,,,
ST0028103,Warwick District,Liberal Democrats,TRUE,,0,,FALSE,,,,
ST0028102,Sutton,Liberal Democrats,TRUE,,0,,FALSE,,,,
ST0028100,Stratford on Avon,Liberal Democrats,TRUE,,4906.39,80.34,FALSE,0.016374565,,,
ST0028097,Southwark Borough,Liberal Democrats,TRUE,,0,0,FALSE,,,,
ST0028096,South Hams,Liberal Democrats,TRUE,,0,0,FALSE,,,,
ST0028095,South Gloucestershire,Liberal Democrats,TRUE,,0,,FALSE,,,,
ST0028093,South East,Liberal Democrats,TRUE,,1008,,FALSE,0,,,
ST0028092,South Central,Liberal Democrats,TRUE,,0,0,FALSE,,,,
ST0028090,Sheffield,Liberal Democrats,TRUE,,15862.26,,FALSE,0,,,
ST0028089,Scottish Parliamentary Party,Liberal Democrats,TRUE,,0,0,FALSE,,,,
ST0028087,Trafford,Liberal Democrats,TRUE,,0,,FALSE,,,,
ST0028085,Test Valley,Liberal Democrats,TRUE,,2075.99,91.13,FALSE,0.043897129,,,
ST0028084,Young Liberals,Liberal Democrats,TRUE,,0,,FALSE,,,,
ST0028083,Yorkshire and the Humber,Liberal Democrats,TRUE,,0,137.1,FALSE,,,,
ST0028082,York,Liberal Democrats,TRUE,,0,,FALSE,,,,
ST0028080,Preston and Wyre,Liberal Democrats,TRUE,,0,0.9,FALSE,,,,
ST0028079,Portsmouth,Liberal Democrats,TRUE,,7000,342.32,FALSE,0.048902857,,,
ST0028077,Pembrokeshire,Liberal Democrats,TRUE,,0,,FALSE,,,,
ST0028076,Parliamentary Party In The Lords,Liberal Democrats,TRUE,,0,0,FALSE,,,,
ST0028074,North West,Liberal Democrats,TRUE,,0,,FALSE,,,,
ST0028072,North Norfolk and Great Yarmouth,Liberal Democrats,TRUE,,0,30,FALSE,,,,
ST0028071,North Hertfordshire & Stevenage,Liberal Democrats,TRUE,,0,,FALSE,,,,
ST0028070,North East and Central Fife,Liberal Democrats,TRUE,,0,,FALSE,,,,
ST0028069,North East,Liberal Democrats,TRUE,,0,0,FALSE,,,,
ST0028066,Newcastle upon Tyne,Liberal Democrats,TRUE,,0,52.25,FALSE,,,,
ST0028065,Mole Valley,Liberal Democrats,TRUE,,1066.38,,FALSE,0,,,
ST0028064,Milton Keynes,Liberal Democrats,TRUE,,4918.04,,FALSE,0,,,
ST0028061,Merton Borough,Liberal Democrats,TRUE,,0,,FALSE,,,,
ST0028060,Manchester,Liberal Democrats,TRUE,,0,0,FALSE,,,,
ST0028059,London,Liberal Democrats,TRUE,,0,,FALSE,,,,
ST0028058,Liverpool,Liberal Democrats,TRUE,,0,,FALSE,,,,
ST0028056,Leeds,Liberal Democrats,TRUE,,0,231.19,FALSE,,,,
ST0028055,Kingston Borough,Liberal Democrats,TRUE,,0,0,FALSE,,,,
ST0028054,Kensington and Chelsea Borough,Liberal Democrats,TRUE,,0,456.12,FALSE,,,,
ST0028053,Hull,Liberal Democrats,TRUE,,562.02,523.64,FALSE,0.931710615,,,
ST0028051,Highlands,Liberal Democrats,TRUE,,677.2,,FALSE,0,,,
ST0028050,Hertfordshire County Co-ordinating Committee,Liberal Democrats,TRUE,,0,15.77,FALSE,,,,
ST0028049,"Hereford, North Hereford and South Hereford",Liberal Democrats,TRUE,,0,0,FALSE,,,,
ST0028046,Haringey Borough,Liberal Democrats,TRUE,,0,132.1,FALSE,,,,
ST0028044,Gateshead,Liberal Democrats,TRUE,,0,0,FALSE,,,,
ST0028041,Elmbridge,Liberal Democrats,TRUE,,0,537,FALSE,,,,
ST0028037,East Riding,Liberal Democrats,TRUE,,0,,FALSE,,,,
ST0028036,East of England,Liberal Democrats,TRUE,,0,0,FALSE,,,,
ST0028035,East Midlands,Liberal Democrats,TRUE,,0,1.08,FALSE,,,,
ST0028034,East Dunbartonshire,Liberal Democrats,TRUE,,0,0,FALSE,,,,
ST0028033,East Cambridgeshire,Liberal Democrats,TRUE,,0,,FALSE,,,,
ST0028028,"Chelmsford, Maldon & Braintree",Liberal Democrats,TRUE,,5667.48,,FALSE,0,,,
ST0028026,Camden Borough,Liberal Democrats,TRUE,,1799.92,175.08,FALSE,0.09727099,,,
ST0028025,Cambridgeshire County Co-Ordinating Committee,Liberal Democrats,TRUE,,0,0,FALSE,,,,
ST0028023,Bristol,Liberal Democrats,TRUE,,0,405.46,FALSE,,,,
ST0028021,Bosworth,Liberal Democrats,TRUE,,0,0,FALSE,,,,
ST0028018,Bath and North East Somerset,Liberal Democrats,TRUE,,11867.57,,FALSE,0,,,
ST0027933,Guildford CLP,Labour Party,TRUE,,22203,2480,FALSE,0.1116966175742016,,,
ST0027931,Wealden,Green Party,TRUE,,0,0,FALSE,,,,
ST0027849,Dwyrain Caerfyrddin a Dinefwr,Plaid Cymru - The Party of Wales,TRUE,,11200,,TRUE,0,,,
ST0027834,York Central and Outer CLP,Labour Party,TRUE,,5630.26,200,FALSE,0.035522338,,,
ST0027795,Manchester Local Campaign Forum,Labour Party,TRUE,,,,FALSE,,,,
ST0027788,Stockton-on-Tees,Conservative and Unionist Party,TRUE,,,,FALSE,,,,
ST0027778,Wycombe CLP,Labour Party,TRUE,,0,102.93,FALSE,,Emma Reynolds,emma.reynolds.mp@parliament.uk,
ST0027776,Stroud CLP,Labour Party,TRUE,,0,25.9,FALSE,,Dr Simon Opher,simon.opher.mp@parliament.uk,
ST0027775,Stevenage CLP,Labour Party,TRUE,,0,0,FALSE,,Kevin Bonavia,kevin.bonavia.mp@parliament.uk,
ST0027773,Sittingbourne and Sheppey CLP,Labour Party,TRUE,,0,0,FALSE,,Kevin McKenna,kevin.mckenna.mp@parliament.uk,
ST0027768,Norwich North and South CLP,Labour Party,TRUE,,0,0,FALSE,,,,
ST0027766,Mitcham and Morden CLP,Labour Party,TRUE,,0,,FALSE,,Dame Siobhain McDonagh,mcdonaghs@parliament.uk,
ST0027765,Midlothian North and Musselburgh CLP,Labour Party,TRUE,,0,0,TRUE,,,,
ST0027764,Mansfield CLP,Labour Party,TRUE,,10828.47,0,FALSE,0,Steve Yemm,steve.yemm.mp@parliament.uk,
ST0027763,Loughborough CLP,Labour Party,TRUE,,7664,810.92,FALSE,0.1058089770354906,Dr Jeevun Sandher,jeevun.sandher.mp@parliament.uk,
ST0027762,Lewes CLP,Labour Party,TRUE,,14784.33,1959.68,FALSE,0.1325511538230004,,,
ST0027760,Islington South and Finsbury CLP,Labour Party,TRUE,,23856,,TRUE,0,Emily Thornberry,,16
ST0027758,Ipswich CLP,Labour Party,TRUE,,0,0,FALSE,,Jack Abbott,jack.abbott.mp@parliament.uk,
ST0027757,Hendon CLP,Labour Party,TRUE,,0,0,TRUE,,David Pinto-Duschinsky,david.pintoduschinsky.mp@parliament.uk,
ST0027756,Hackney Local Campaign Forum,Labour Party,TRUE,,,25,FALSE,,,,
ST0027755,Greenwich and Woolwich CLP,Labour Party,TRUE,,19547.36,1050.32,FALSE,0.053732064,Matthew Pennycook,matthew.pennycook.mp@parliament.uk,
ST0027753,Chipping Barnet CLP,Labour Party,TRUE,,4800,3520.23,TRUE,0.73338125,Dan Tomlinson,dan.tomlinson.mp@parliament.uk,
ST0027752,Chelsea and Fulham CLP,Labour Party,TRUE,,0,50.3,FALSE,,Ben Coleman,ben.coleman.mp@parliament.uk,
ST0027751,Cambridge CLP,Labour Party,TRUE,,11432,,FALSE,0,Daniel Zeichner,,
ST0027750,Bournemouth East and West CLP,Labour Party,TRUE,,0,1457.58,FALSE,,,,
ST0027749,Braintree and Witham CLP,Labour Party,TRUE,,26500,6798,FALSE,0.2565283018867924,,,
ST0027748,Barrow and Furness CLP,Labour Party,TRUE,,3823.3,0,FALSE,0,Michelle Scrogham,michelle.scrogham.mp@parliament.uk,
ST0027602,Ynys Mon,Plaid Cymru - The Party of Wales,TRUE,,11436.66,,TRUE,0,,,
ST0027599,Welwyn Hatfield CLP,Labour Party,TRUE,,,278.12,FALSE,,Andrew Lewin,andrew.lewin.mp@parliament.uk,
ST0027598,Watford CLP,Labour Party,TRUE,,0,0,FALSE,,Matt Turmaine,matt.turmaine.mp@parliament.uk,
ST0027597,St Albans CLP,Labour Party,TRUE,,36911,4315,FALSE,0.1169028202974723,,,
ST0027596,Putney CLP,Labour Party,TRUE,,1380,0,TRUE,0,Fleur Anderson,fleur.anderson.mp@parliament.uk,1
ST0027595,Milton Keynes Labour Party,Labour Party,TRUE,,845,20.35,FALSE,0.02408284,,,
ST0027594,Gillingham and Rainham CLP,Labour Party,TRUE,,0,0,FALSE,,Naushabah Khan,naushabah.khan.mp@parliament.uk,
ST0027593,Dulwich and West Norwood CLP,Labour Party,TRUE,,2138.68,0,TRUE,0,Helen Hayes,helen.hayes.mp@parliament.uk,10
ST0027591,Bromley and Chislehurst CLP,Labour Party,TRUE,,25636,1517,FALSE,0.059174598,,,
ST0027486,East Lothian CLP,Labour Party,TRUE,,2555,358,FALSE,0.1401174168297456,Mr Douglas Alexander,douglas.alexander.mp@parliament.uk,
ST0027438,Somerton and Frome,Liberal Democrats,TRUE,,0,,FALSE,,,,
ST0027383,Ealing Borough,Liberal Democrats,TRUE,,0,,FALSE,,,,
ST0027376,Sutton Federation,Conservative and Unionist Party,TRUE,,14700,2053,FALSE,0.1396598639455782,,,
ST0027375,Sussex,Conservative and Unionist Party,TRUE,,,,FALSE,,,,
ST0027368,Stone,Conservative and Unionist Party,TRUE,,,,FALSE,,,,
ST0027367,Stockton,Conservative and Unionist Party,TRUE,,,,FALSE,,,,
ST0027350,Somerset,Conservative and Unionist Party,TRUE,,0,,FALSE,0,,,
ST0027347,Shrewsbury & Atcham,Conservative and Unionist Party,TRUE,,4800,0,TRUE,0,,,
ST0027344,Selby and Ainsty,Conservative and Unionist Party,TRUE,,4750,159,TRUE,0.033473684,,,
ST0027341,Sandwell,Conservative and Unionist Party,TRUE,,0,0,FALSE,,,,
ST0027339,Rutland & Melton,Conservative and Unionist Party,TRUE,,10663,1211,TRUE,0.1135702897871143,,,
ST0027333,Norwich,Conservative and Unionist Party,TRUE,,0,0,FALSE,,,,
ST0027332,Northumberland MCA,Conservative and Unionist Party,TRUE,,,,FALSE,,,,
ST0027330,North West Wales MCA,Conservative and Unionist Party,TRUE,,691,,FALSE,0,,,
ST0027325,North East Somerset,Conservative and Unionist Party,TRUE,,0,10,FALSE,,,,
ST0027324,North East Bedfordshire,Conservative and Unionist Party,TRUE,,2028,299,FALSE,0.1474358974358974,,,
ST0027320,North Ayrshire,Conservative and Unionist Party,TRUE,,,0,FALSE,,,,
ST0027315,Moray,Conservative and Unionist Party,TRUE,,0,,FALSE,,,,
ST0027314,Montgomeryshire,Conservative and Unionist Party,TRUE,,12550,,TRUE,0,,,
ST0027313,Monmouth,Conservative and Unionist Party,TRUE,,16000,,TRUE,0,,,
ST0027312,Mole Valley,Conservative and Unionist Party,TRUE,,13600,,FALSE,0,,,
ST0027308,Meriden,Conservative and Unionist Party,TRUE,,0,,FALSE,,,,
ST0027307,Meon Valley,Conservative and Unionist Party,TRUE,,0,5,FALSE,,,,
ST0027293,Hitchin & Harpenden,Conservative and Unionist Party,TRUE,,670,,FALSE,0,,,
ST0027292,Highland,Conservative and Unionist Party,TRUE,,,,FALSE,,,,
ST0027286,Herefordshire and Shropshire,Conservative and Unionist Party,TRUE,,6831.96,,FALSE,0,,,
ST0027284,Henley,Conservative and Unionist Party,TRUE,,,119930,FALSE,,,,
ST0027277,Cardiff and the Vale,Liberal Democrats,TRUE,,0,,FALSE,,,,
ST0027271,Hampstead and Kilburn,Conservative and Unionist Party,TRUE,,,,FALSE,,,,
ST0027268,Greenwich,Conservative and Unionist Party,TRUE,,,,FALSE,,,,
ST0027266,Grantham & Stamford,Conservative and Unionist Party,TRUE,,16850,847,FALSE,0.050267062,,,
ST0027256,Yorkshire/Humberside Region,Conservative and Unionist Party,TRUE,,0,,FALSE,,,,
ST0027240,Bury,Conservative and Unionist Party,TRUE,,5400,,FALSE,0,,,
ST0027176,"Kensington, Chelsea and Fulham",Conservative and Unionist Party,TRUE,,,9,FALSE,,,,
ST0027155,Henley,Liberal Democrats,TRUE,,0,63.2,FALSE,,,,
ST0027094,Wimbledon CLP,Labour Party,TRUE,,,0,FALSE,,,,
ST0027076,Westminster North,Conservative and Unionist Party,TRUE,,,,FALSE,,,,
ST0027072,Wells,Conservative and Unionist Party,TRUE,,14471,2336,FALSE,0.1614263008776173,,,
ST0027061,Totnes,Conservative and Unionist Party,TRUE,,471,,FALSE,0,,,
ST0027057,Tonbridge & Malling,Conservative and Unionist Party,TRUE,,,175,FALSE,,,,
ST0027035,Southend West,Conservative and Unionist Party,TRUE,,10663,1387,FALSE,0.1300759636124918,,,
ST0026997,Richmond (Yorks),Conservative and Unionist Party,TRUE,,13613,50,FALSE,0.00367296,,,
ST0026989,Penrith & The Border,Conservative and Unionist Party,TRUE,,,61,FALSE,,,,
ST0026988,Pendle,Conservative and Unionist Party,TRUE,,6000,,TRUE,0,,,
ST0026953,Maidstone & Weald,Conservative and Unionist Party,TRUE,,,84,FALSE,,,,
ST0026911,Glasgow,Conservative and Unionist Party,TRUE,,,,FALSE,,,,
ST0026906,Fareham,Conservative and Unionist Party,TRUE,,15841,0,TRUE,0,Suella Braverman,,10
ST0026898,Elmet and Rothwell,Conservative and Unionist Party,TRUE,,0,,FALSE,,,,
ST0026897,Eddisbury,Conservative and Unionist Party,TRUE,,472,,FALSE,0,,,
ST0026886,Dover,Conservative and Unionist Party,TRUE,,18561,,FALSE,0,,,
ST0026882,Cumbria,Conservative and Unionist Party,TRUE,,6000,970,FALSE,0.1616666666666666,,,
ST0026879,City of Nottingham,Conservative and Unionist Party,TRUE,,12650,-518,FALSE,0,,,
ST0026877,City of Durham & Easington,Conservative and Unionist Party,TRUE,,21771,9688,FALSE,0.4449956363970419,,,
ST0026855,Burton,Conservative and Unionist Party,TRUE,,0,,FALSE,,,,
ST0026854,Buckingham,Conservative and Unionist Party,TRUE,,16478,1736,FALSE,0.1053525913338997,,,
ST0026851,Bromley & Chislehurst,Conservative and Unionist Party,TRUE,,12558,1500,TRUE,0.1194457716196846,,,
ST0026850,Broadland,Conservative and Unionist Party,TRUE,,6000,,FALSE,0,,,
ST0026848,Bridgwater and West Somerset,Conservative and Unionist Party,TRUE,,10000,548,TRUE,0.0548,,,
ST0026842,Bosworth,Conservative and Unionist Party,TRUE,,11716,1803,TRUE,0.1538921133492659,,,
ST0026836,Beckenham,Conservative and Unionist Party,TRUE,,28450,3767,TRUE,0.1324077328646748,,,
ST0026822,Aberdeen City,Conservative and Unionist Party,TRUE,,0,9,FALSE,,,,
ST0026641,Finchley and Golders Green CLP,Labour Party,TRUE,,788.64,0,FALSE,0,Sarah Sackman,sarah.sackman.mp@parliament.uk,
ST0026639,Eltham CLP,Labour Party,TRUE,,13200,2000,FALSE,0.1515151515151515,Clive Efford,,15
ST0026627,Witney and West Oxfordshire,Liberal Democrats,TRUE,,0,,FALSE,,,,
ST0026619,Wells,Liberal Democrats,TRUE,,0,,FALSE,,,,
ST0026613,The Cotswolds,Liberal Democrats,TRUE,,172.97,131.37,FALSE,0.7594958663352027,,,
ST0026612,Taunton Deane,Liberal Democrats,TRUE,,0,,FALSE,,,,
ST0026569,City of Stoke on Trent,Conservative and Unionist Party,TRUE,,0,0,FALSE,,,,
ST0026556,Oxford & Abingdon CLP,Labour Party,TRUE,,225,44.16,FALSE,0.1962666666666666,,,
ST0026536,Hornsey and Wood Green CLP,Labour Party,TRUE,,0,0,FALSE,,Catherine West,,10
ST0025151,Perthshire North Constituency,Scottish National Party (SNP),TRUE,,2760,,FALSE,0,,,
ST0025141,Copeland,Conservative and Unionist Party,TRUE,,6000,308,FALSE,0.051333333,,,
ST0025102,Wellingborough,Conservative and Unionist Party,TRUE,,,,FALSE,,,,
ST0025094,Wealden,Conservative and Unionist Party,TRUE,,0,,FALSE,,,,
ST0024974,Stirling and Clackmannshire,Conservative and Unionist Party,TRUE,,4225,132,FALSE,0.031242604,,,
ST0024895,Solihull,Conservative and Unionist Party,TRUE,,53937,0,FALSE,0,,,
ST0024885,Romsey and Southampton,Conservative and Unionist Party,TRUE,,0,5581,FALSE,,,,
ST0024876,Hastings and Rye CLP,Labour Party,TRUE,,9320,,FALSE,0,Helena Dollimore,helena.dollimore.mp@parliament.uk,
ST0024875,Ceredigion,Plaid Cymru - The Party of Wales,TRUE,,0,,FALSE,,,,
ST0024873,Arfon,Plaid Cymru - The Party of Wales,TRUE,,12360,,TRUE,0,,,
ST0024858,Wiltshire,Conservative and Unionist Party,TRUE,,0,0,FALSE,,,,
ST0024782,Wirral,Liberal Democrats,TRUE,,0,,FALSE,,,,
ST0024780,"Westmorland, Furness and Eden Member Party Roles*",Liberal Democrats,TRUE,,41744.92,268.98,FALSE,0.006443419,,,
ST0024773,Warrington,Liberal Democrats,TRUE,,0,0,FALSE,,,,
ST0024771,Waltham Forest,Liberal Democrats,TRUE,,0,0,FALSE,,,,
ST0024756,"Kenisington, Chelsea and Fulham",Conservative and Unionist Party,TRUE,,,,TRUE,,,,
ST0024741,South East Oxon,Liberal Democrats,TRUE,,964.84,5.8,FALSE,0.006011359,,,
ST0024736,Norwich,Liberal Democrats,TRUE,,2316,,FALSE,0,,,
ST0024735,North Wiltshire,Liberal Democrats,TRUE,,0,,FALSE,,,,
ST0024732,North Wales,Liberal Democrats,TRUE,,0,,FALSE,,,,
ST0024728,Norfolk County Co-Ordinating Committee,Liberal Democrats,TRUE,,0,,FALSE,,,,
ST0024725,Montgomeryshire,Liberal Democrats,TRUE,,914,0,FALSE,0,,,
ST0024692,Gower & Swansea Federation,Conservative and Unionist Party,TRUE,,,,FALSE,,,,
ST0024677,Eastern Region,Conservative and Unionist Party,TRUE,,32237.25,,FALSE,0,,,
ST0024658,Devon and Cornwall,Liberal Democrats,TRUE,,0,,FALSE,,,,
ST0024657,Derby City,Liberal Democrats,TRUE,,0,,FALSE,,,,
ST0024638,Aberdeenshire East,Liberal Democrats,TRUE,,6825,,FALSE,0,,,
ST0024636,Salisbury CLP,Labour Party,TRUE,,3511.88,0,TRUE,0,,,
ST0024633,Bury St Edmunds,Conservative and Unionist Party,TRUE,,151,,FALSE,0,,,
ST0024620,Brent North CLP,Labour Party,TRUE,,19125,1931,FALSE,0.1009673202614379,,,
ST0024615,Walthamstow CLP,Labour Party,TRUE,,10662.08,75.3,TRUE,0.007062412,Ms Stella Creasy,stella.creasy.mp@parliament.uk,15
ST0024614,Swansea West CLP,Labour Party,TRUE,,0,,FALSE,,Torsten Bell,torsten.bell.mp@parliament.uk,
ST0024612,Rhondda CLP,Labour Party,TRUE,,7533.03,,FALSE,0,,,
ST0024611,Plymouth Sutton and Devonport CLP,Labour Party,TRUE,,,0,TRUE,,Luke Pollard,luke.pollard.mp@parliament.uk,
ST0024610,Pendle CLP,Labour Party,TRUE,,5000.04,,FALSE,0,,,
ST0024604,Lewisham West and Penge CLP,Labour Party,TRUE,,18767.55,0,TRUE,0,Ellie Reeves,,7
ST0024584,Cheshire & The Wirral Area,Conservative and Unionist Party,TRUE,,0,0,FALSE,,,,